N,CRR_price,Signed_error,Absolute_error
10,9.21785142431572,-0.19555195953729587,0.19555195953729587
11,9.58622224296391,0.1728188591108939,0.1728188591108939
12,9.250024677696246,-0.1633787061567702,0.1633787061567702
13,9.559452627643111,0.14604924379009532,0.14604924379009532
14,9.273114778206553,-0.14028860564646273,0.14028860564646273
15,9.53985840209986,0.12645501824684402,0.12645501824684402
16,9.29049024542331,-0.12291313842970553,0.12291313842970553
17,9.524897044046748,0.11149366019373197,0.11149366019373197
18,9.304037973362522,-0.10936541049049353,0.10936541049049353
19,9.51309986608534,0.09969648223232497,0.09969648223232497
20,9.314896832307243,-0.09850655154577304,0.09850655154577304
21,9.503559429596349,0.09015604574333302,0.09015604574333302
22,9.323794802849617,-0.08960858100339841,0.08960858100339841
23,9.495684904059388,0.08228152020637225,0.08228152020637225
24,9.331218899597092,-0.08218448425592406,0.08218448425592406
25,9.48907509733399,0.07567171348097368,0.07567171348097368
26,9.33750722963878,-0.07589615421423623,0.07589615421423623
27,9.483448038723127,0.07004465487011124,0.07004465487011124
28,9.342901851358253,-0.0705015324947631,0.0705015324947631
29,9.478599763950262,0.06519638009724638,0.06519638009724638
30,9.347580613392973,-0.06582277046004315,0.06582277046004315
31,9.474379089334303,0.060975705481286724,0.060975705481286724
32,9.351677117963572,-0.061726265889443965,0.061726265889443965
33,9.470671578936772,0.05726819508375591,0.05726819508375591
34,9.355293673156096,-0.05810971069691995,0.05810971069691995
35,9.467389020464658,0.05398563661164246,0.05398563661164246
36,9.358509947575483,-0.05489343627753307,0.05489343627753307
37,9.464462321568456,0.05105893771544068,0.05105893771544068
38,9.361388903647791,-0.0520144802052247,0.0520144802052247
39,9.461836596395951,0.04843321254293542,0.04843321254293542
40,9.363980958061358,-0.04942242579165779,0.04942242579165779
41,9.459467693117322,0.04606430926430605,0.04606430926430605
42,9.366326957994481,-0.047076425858534776,0.047076425858534776
43,9.457319692412897,0.043916308559881045,0.043916308559881045
44,9.368460348531753,-0.044943035321262315,0.044943035321262315
45,9.455363074312999,0.041959690459982824,0.041959690459982824
46,9.370408776570493,-0.042994607282523134,0.042994607282523134
47,9.45357335394333,0.04016997009031442,0.04016997009031442
48,9.372195295035029,-0.041208088817986877,0.041208088817986877
49,9.451930051991342,0.03852666813832606,0.03852666813832606
50,9.37383927895721,-0.039564104895806196,0.039564104895806196
51,9.450415907835996,0.03701252398298038,0.03701252398298038
52,9.375357130767915,-0.0380462530851009,0.0380462530851009
53,9.449016271150949,0.03561288729793333,0.03561288729793333
54,9.376762829292803,-0.03664055456021309,0.03664055456021309
55,9.447718626469543,0.034315242616527186,0.034315242616527186
56,9.378068361419585,-0.03533502243343101,0.03533502243343101
57,9.44651221800611,0.033108834153093625,0.033108834153093625
58,9.379284064680025,-0.034119319172990714,0.034119319172990714
59,9.44538775090773,0.03198436705471508,0.03198436705471508
60,9.380418901486497,-0.032984482366519075,0.032984482366519075
61,9.444337151370519,0.030933767517502986,0.030933767517502986
62,9.381480680413949,-0.03192270343906678,0.03192270343906678
63,9.443353372511185,0.02994998865816889,0.02994998865816889
64,9.38247623608546,-0.030927147767556562,0.030927147767556562
65,9.442430236137506,0.02902685228449009,0.02902685228449009
66,9.383411576424415,-0.02999180742860119,0.02999180742860119
67,9.441562302900053,0.028158919047037045,0.028158919047037045
68,9.384292003978342,-0.02911137987467427,0.02911137987467427
69,9.440744765051038,0.02734138119802232,0.02734138119802232
70,9.385122216479038,-0.028281167373977567,0.028281167373977567
71,9.439973357362094,0.026569973509078082,0.026569973509078082
72,9.385906390684767,-0.027496993168249162,0.027496993168249162
73,9.439244282702608,0.02584089884959262,0.02584089884959262
74,9.386648252650108,-0.026755131202907734,0.026755131202907734
75,9.438554149538295,0.025150765685278742,0.025150765685278742
76,9.387351136918012,-0.026052246935003964,0.026052246935003964
77,9.437899919185867,0.02449653533285101,0.02449653533285101
78,9.388018036623608,-0.025385347229407884,0.025385347229407884
79,9.437278861094613,0.023875477241597665,0.023875477241597665
80,9.388651646100666,-0.024751737752350067,0.024751737752350067
81,9.436688514748992,0.02328513089597628,0.02328513089597628
82,9.389254397253318,-0.02414898659969822,0.02414898659969822
83,9.43612665710033,0.022723273247313713,0.022723273247313713
84,9.389828490751567,-0.02357489310144878,0.02357489310144878
85,9.435591274590617,0.022187890737601634,0.022187890737601634
86,9.390375922872714,-0.02302746098030184,0.02302746098030184
87,9.435080539042257,0.021677155189241404,0.021677155189241404
88,9.390898508694512,-0.022504875158503523,0.022504875158503523
89,9.434592786814312,0.02118940296129601,0.02118940296129601
90,9.391397902193178,-0.0220054816598374,0.0220054816598374
91,9.434126500686775,0.020723116833758937,0.020723116833758937
92,9.391875613733298,-0.02152777011971807,0.02152777011971807
93,9.433680294106578,0.020276910253562264,0.020276910253562264
94,9.39233302532123,-0.021070358531785516,0.021070358531785516
95,9.433252897418663,0.01984951356564757,0.01984951356564757
96,9.392771403957815,-0.02063197989520127,0.02063197989520127
97,9.4328431457978,0.019439761944784806,0.019439761944784806
98,9.393191913355398,-0.020211470497617512,0.020211470497617512
99,9.432449968648303,0.019046584795287202,0.019046584795287202
100,9.393595624252681,-0.019807759600334762,0.019807759600334762
101,9.432072380266945,0.01866899641392905,0.01866899641392905
102,9.393983523521447,-0.019419860331568728,0.019419860331568728
103,9.431709471590626,0.01830608773761,0.01830608773761
104,9.39435652221838,-0.019046861634635093,0.019046861634635093
105,9.431360402890167,0.01795701903715141,0.01795701903715141
106,9.394715462722507,-0.018687921130508656,0.018687921130508656
107,9.431024397286468,0.017621013433451793,0.017621013433451793
108,9.395061125096941,-0.01834225875607487,0.01834225875607487
109,9.43070073497119,0.017297351118173765,0.017297351118173765
110,9.39539423273887,-0.01800915111414625,0.01800915111414625
111,9.430388748071108,0.016985364218092158,0.016985364218092158
112,9.395715457434955,-0.01768792641806094,0.01768792641806094
113,9.430087816038391,0.016684432185375186,0.016684432185375186
114,9.396025423885863,-0.017377959967152634,0.017377959967152634
115,9.429797361538917,0.016393977685901007,0.016393977685901007
116,9.396324713755586,-0.017078670097429693,0.017078670097429693
117,9.429516846746523,0.016113462893507347,0.016113462893507347
118,9.396613869320772,-0.016789514532243643,0.016789514532243643
119,9.429245770025995,0.01584238617297906,0.01584238617297906
120,9.396893396746137,-0.01650998710687901,0.01650998710687901
