Frequency,Steps_per_year,Intervals,Moneyness,S0,T,Gamma_exposure,RMSE,Paths,Seed
Monthly,12,3,OTM,80.0,0.25,0.17954166705705166,0.4108014642066253,5000,993046751
Monthly,12,6,OTM,80.0,0.5,0.8422022448345382,0.8858550780668666,5000,538847401
Monthly,12,12,OTM,80.0,1.0,2.23297062432659,1.3721977654328508,5000,1996211359
Monthly,12,3,ATM,100.0,0.25,1.9760298317551765,1.8806999818767882,5000,149628793
Monthly,12,6,ATM,100.0,0.5,2.781406890750504,1.9101685591630508,5000,3071134738
Monthly,12,12,ATM,100.0,1.0,3.900336584371516,1.974596318205071,5000,3771177198
Monthly,12,3,ITM,120.0,0.25,0.3572076635491425,0.5669281750458378,5000,3357799889
Monthly,12,6,ITM,120.0,0.5,1.1486283178265209,1.0264669186194852,5000,3196779440
Monthly,12,12,ITM,120.0,1.0,2.4263320087676816,1.3884493744895938,5000,3739445457
Weekly,52,13,OTM,80.0,0.25,0.18187747025085524,0.2090040400953271,5000,4120017209
Weekly,52,26,OTM,80.0,0.5,0.8550401324469254,0.4651024683560799,5000,2462484319
Weekly,52,52,OTM,80.0,1.0,2.228386622764999,0.6652039669454208,5000,2968960239
Weekly,52,13,ATM,100.0,0.25,1.9817136567870464,0.9333802110412138,5000,4098681713
Weekly,52,26,ATM,100.0,0.5,2.8189493054258064,0.9497378401921321,5000,3201755252
Weekly,52,52,ATM,100.0,1.0,3.9093588965018804,0.9600012017218179,5000,3391921535
Weekly,52,13,ITM,120.0,0.25,0.362325002587799,0.31780926042781976,5000,2469808588
Weekly,52,26,ITM,120.0,0.5,1.1528977915224172,0.5604369263191346,5000,2414169401
Weekly,52,52,ITM,120.0,1.0,2.475696745577312,0.6942652961800186,5000,3893108398
Approx. twice-weekly,126,32,OTM,80.0,0.25,0.16976793034985296,0.12117203098109137,5000,3101112889
Approx. twice-weekly,126,63,OTM,80.0,0.5,0.8472164877821938,0.28182210722947604,5000,2880255830
Approx. twice-weekly,126,126,OTM,80.0,1.0,2.2535754602524043,0.43851407310760504,5000,173031772
Approx. twice-weekly,126,32,ATM,100.0,0.25,1.9878313429388734,0.6214224146187493,5000,877017414
Approx. twice-weekly,126,63,ATM,100.0,0.5,2.7758670537896584,0.6181931499039335,5000,2045240989
Approx. twice-weekly,126,126,ATM,100.0,1.0,3.9275753558757764,0.6264843289440337,5000,3282584458
Approx. twice-weekly,126,32,ITM,120.0,0.25,0.36178393374724044,0.2175840009452118,5000,2944174334
Approx. twice-weekly,126,63,ITM,120.0,0.5,1.1709577119047665,0.349027532277771,5000,3172738440
Approx. twice-weekly,126,126,ITM,120.0,1.0,2.4092106364115637,0.4383231406840313,5000,3992238799
Daily,252,63,OTM,80.0,0.25,0.166396975164356,0.09912656758083893,5000,2068719947
Daily,252,126,OTM,80.0,0.5,0.8487457728972547,0.21495758077207444,5000,796511212
Daily,252,252,OTM,80.0,1.0,2.232764630683179,0.3126662883130913,5000,2974175936
Daily,252,63,ATM,100.0,0.25,1.991483093090207,0.43881855886936466,5000,688986030
Daily,252,126,ATM,100.0,0.5,2.8045945057287716,0.45427419307291067,5000,3332738301
Daily,252,252,ATM,100.0,1.0,3.971673672094461,0.45435397655067483,5000,3971038922
Daily,252,63,ITM,120.0,0.25,0.3510267783070606,0.1430924121910777,5000,381572947
Daily,252,126,ITM,120.0,0.5,1.1744031812018072,0.25147719711903793,5000,1124657779
Daily,252,252,ITM,120.0,1.0,2.4765401861383305,0.3393032612963187,5000,247705085
