experiment,seed
mc/N=100/rep=0,1998526716
mc/N=100/rep=1,57517920
mc/N=100/rep=2,3158063917
mc/N=100/rep=3,1279913407
mc/N=100/rep=4,4004529524
mc/N=100/rep=5,1171831010
mc/N=100/rep=6,3609209457
mc/N=100/rep=7,1008269579
mc/N=100/rep=8,809374538
mc/N=100/rep=9,3565942315
mc/N=100/rep=10,1313947072
mc/N=100/rep=11,2811438002
mc/N=100/rep=12,2328336646
mc/N=100/rep=13,2754880238
mc/N=100/rep=14,1754155488
mc/N=100/rep=15,1973855696
mc/N=100/rep=16,3426697085
mc/N=100/rep=17,1095520656
mc/N=100/rep=18,326470438
mc/N=100/rep=19,1044919866
mc/N=100/rep=20,162268043
mc/N=100/rep=21,18189831
mc/N=100/rep=22,4067788242
mc/N=100/rep=23,883584962
mc/N=100/rep=24,942628389
mc/N=100/rep=25,3826241272
mc/N=100/rep=26,2872744360
mc/N=100/rep=27,3509376910
mc/N=100/rep=28,3643786952
mc/N=100/rep=29,699864256
mc/N=100/rep=30,3142728377
mc/N=100/rep=31,4153556534
mc/N=100/rep=32,1714714186
mc/N=100/rep=33,1762224011
mc/N=100/rep=34,99314071
mc/N=100/rep=35,2560929266
mc/N=100/rep=36,1772489194
mc/N=100/rep=37,150178530
mc/N=100/rep=38,2098950865
mc/N=100/rep=39,3258017182
mc/N=100/rep=40,436878141
mc/N=100/rep=41,3477409136
mc/N=100/rep=42,161510343
mc/N=100/rep=43,3763756049
mc/N=100/rep=44,3669319157
mc/N=100/rep=45,2614143320
mc/N=100/rep=46,2912022689
mc/N=100/rep=47,2818869639
mc/N=100/rep=48,3215960559
mc/N=100/rep=49,1702387860
mc/N=1000/rep=0,2740158426
mc/N=1000/rep=1,1499084369
mc/N=1000/rep=2,3129107498
mc/N=1000/rep=3,2859707136
mc/N=1000/rep=4,651406978
mc/N=1000/rep=5,703645180
mc/N=1000/rep=6,1849524816
mc/N=1000/rep=7,2202807872
mc/N=1000/rep=8,3603950198
mc/N=1000/rep=9,2132013254
mc/N=1000/rep=10,1128346860
mc/N=1000/rep=11,3996703557
mc/N=1000/rep=12,2337696570
mc/N=1000/rep=13,352135246
mc/N=1000/rep=14,3085587700
mc/N=1000/rep=15,2344834776
mc/N=1000/rep=16,648042491
mc/N=1000/rep=17,3830796310
mc/N=1000/rep=18,344929719
mc/N=1000/rep=19,3022821087
mc/N=1000/rep=20,1666030540
mc/N=1000/rep=21,2712451078
mc/N=1000/rep=22,1007422100
mc/N=1000/rep=23,944534013
mc/N=1000/rep=24,25008134
mc/N=1000/rep=25,1806394401
mc/N=1000/rep=26,2879814108
mc/N=1000/rep=27,704871478
mc/N=1000/rep=28,3241695623
mc/N=1000/rep=29,560035296
mc/N=1000/rep=30,4138211816
mc/N=1000/rep=31,2988580588
mc/N=1000/rep=32,672349002
mc/N=1000/rep=33,1186385470
mc/N=1000/rep=34,1804711382
mc/N=1000/rep=35,3486579782
mc/N=1000/rep=36,2735182642
mc/N=1000/rep=37,1295481290
mc/N=1000/rep=38,2315481675
mc/N=1000/rep=39,1291208259
mc/N=1000/rep=40,1766832298
mc/N=1000/rep=41,3137840384
mc/N=1000/rep=42,1767021346
mc/N=1000/rep=43,248638652
mc/N=1000/rep=44,3236798332
mc/N=1000/rep=45,1096179340
mc/N=1000/rep=46,522311101
mc/N=1000/rep=47,269753365
mc/N=1000/rep=48,2657338094
mc/N=1000/rep=49,1719382709
mc/N=10000/rep=0,811059137
mc/N=10000/rep=1,3019633348
mc/N=10000/rep=2,1446012526
mc/N=10000/rep=3,460535738
mc/N=10000/rep=4,2184102199
mc/N=10000/rep=5,1234446975
mc/N=10000/rep=6,3883869014
mc/N=10000/rep=7,3568878279
mc/N=10000/rep=8,2231068954
mc/N=10000/rep=9,412240936
mc/N=10000/rep=10,3779793789
mc/N=10000/rep=11,1305595841
mc/N=10000/rep=12,672658899
mc/N=10000/rep=13,3226377609
mc/N=10000/rep=14,3934521585
mc/N=10000/rep=15,1520568785
mc/N=10000/rep=16,1037033510
mc/N=10000/rep=17,2928723172
mc/N=10000/rep=18,1526431997
mc/N=10000/rep=19,1797836868
mc/N=10000/rep=20,2556339070
mc/N=10000/rep=21,3516076516
mc/N=10000/rep=22,1979773864
mc/N=10000/rep=23,2356116088
mc/N=10000/rep=24,419407097
mc/N=10000/rep=25,600546465
mc/N=10000/rep=26,3838180441
mc/N=10000/rep=27,3987849474
mc/N=10000/rep=28,3090031002
mc/N=10000/rep=29,3297820362
mc/N=10000/rep=30,418720195
mc/N=10000/rep=31,2005188526
mc/N=10000/rep=32,537789017
mc/N=10000/rep=33,2589150227
mc/N=10000/rep=34,3023011233
mc/N=10000/rep=35,1794645920
mc/N=10000/rep=36,274307142
mc/N=10000/rep=37,3022612594
mc/N=10000/rep=38,1963000728
mc/N=10000/rep=39,3046660391
mc/N=10000/rep=40,2370077167
mc/N=10000/rep=41,2839440878
mc/N=10000/rep=42,3390271139
mc/N=10000/rep=43,3463791207
mc/N=10000/rep=44,1416522405
mc/N=10000/rep=45,2300633833
mc/N=10000/rep=46,704901652
mc/N=10000/rep=47,2366115655
mc/N=10000/rep=48,507716222
mc/N=10000/rep=49,2151830818
mc/N=100000/rep=0,1419712316
mc/N=100000/rep=1,1902078290
mc/N=100000/rep=2,234061085
mc/N=100000/rep=3,383844186
mc/N=100000/rep=4,3473503484
mc/N=100000/rep=5,1133860715
mc/N=100000/rep=6,2014993052
mc/N=100000/rep=7,3264209107
mc/N=100000/rep=8,736021732
mc/N=100000/rep=9,2143577277
mc/N=100000/rep=10,579144672
mc/N=100000/rep=11,1416836738
mc/N=100000/rep=12,2671340260
mc/N=100000/rep=13,3251154808
mc/N=100000/rep=14,815778806
mc/N=100000/rep=15,3230668180
mc/N=100000/rep=16,1414228559
mc/N=100000/rep=17,1060258733
mc/N=100000/rep=18,2599134619
mc/N=100000/rep=19,2461061929
mc/N=100000/rep=20,321865522
mc/N=100000/rep=21,612023743
mc/N=100000/rep=22,2850007065
mc/N=100000/rep=23,3565135371
mc/N=100000/rep=24,1448245787
mc/N=100000/rep=25,4092128220
mc/N=100000/rep=26,171536893
mc/N=100000/rep=27,3496715282
mc/N=100000/rep=28,2911377050
mc/N=100000/rep=29,3372385262
mc/N=100000/rep=30,746401870
mc/N=100000/rep=31,250395454
mc/N=100000/rep=32,3090435371
mc/N=100000/rep=33,1565537083
mc/N=100000/rep=34,2338688109
mc/N=100000/rep=35,261480339
mc/N=100000/rep=36,4276564149
mc/N=100000/rep=37,3126733198
mc/N=100000/rep=38,891368821
mc/N=100000/rep=39,210290822
mc/N=100000/rep=40,501145067
mc/N=100000/rep=41,1146888750
mc/N=100000/rep=42,1451105236
mc/N=100000/rep=43,2337025382
mc/N=100000/rep=44,3916854313
mc/N=100000/rep=45,3892661267
mc/N=100000/rep=46,1543023751
mc/N=100000/rep=47,2025813852
mc/N=100000/rep=48,364693140
mc/N=100000/rep=49,3711234570
mc/N=1000000/rep=0,2420316562
mc/N=1000000/rep=1,2487922833
mc/N=1000000/rep=2,2830104279
mc/N=1000000/rep=3,3121847243
mc/N=1000000/rep=4,3085212957
mc/N=1000000/rep=5,2015848133
mc/N=1000000/rep=6,52203532
mc/N=1000000/rep=7,3556048020
mc/N=1000000/rep=8,1690352943
mc/N=1000000/rep=9,2666665075
mc/N=1000000/rep=10,1048275494
mc/N=1000000/rep=11,3858381655
mc/N=1000000/rep=12,3226542448
mc/N=1000000/rep=13,4162739187
mc/N=1000000/rep=14,3213696946
mc/N=1000000/rep=15,1235393207
mc/N=1000000/rep=16,3878311731
mc/N=1000000/rep=17,3970565212
mc/N=1000000/rep=18,1528943466
mc/N=1000000/rep=19,1986260970
mc/N=1000000/rep=20,1934794564
mc/N=1000000/rep=21,2327664826
mc/N=1000000/rep=22,3767424111
mc/N=1000000/rep=23,836612168
mc/N=1000000/rep=24,1177573037
mc/N=1000000/rep=25,2584129962
mc/N=1000000/rep=26,748752742
mc/N=1000000/rep=27,4128973638
mc/N=1000000/rep=28,1590830241
mc/N=1000000/rep=29,2138615737
mc/N=1000000/rep=30,1919035278
mc/N=1000000/rep=31,179352012
mc/N=1000000/rep=32,1372808855
mc/N=1000000/rep=33,2776415046
mc/N=1000000/rep=34,4114846706
mc/N=1000000/rep=35,926900354
mc/N=1000000/rep=36,593137862
mc/N=1000000/rep=37,1014035200
mc/N=1000000/rep=38,3369995704
mc/N=1000000/rep=39,1067748516
mc/N=1000000/rep=40,1596381583
mc/N=1000000/rep=41,3761506040
mc/N=1000000/rep=42,4115968602
mc/N=1000000/rep=43,2642088960
mc/N=1000000/rep=44,1344593235
mc/N=1000000/rep=45,1065392443
mc/N=1000000/rep=46,2727493494
mc/N=1000000/rep=47,133423687
mc/N=1000000/rep=48,1404000235
mc/N=1000000/rep=49,2015358145
hedging/frequency=12,1213294253
hedging/frequency=52,196947768
hedging/frequency=126,2725299334
hedging/frequency=252,4159572514
gamma/frequency=12/S=80/T=0.25,993046751
gamma/frequency=12/S=80/T=0.5,538847401
gamma/frequency=12/S=80/T=1,1996211359
gamma/frequency=12/S=100/T=0.25,149628793
gamma/frequency=12/S=100/T=0.5,3071134738
gamma/frequency=12/S=100/T=1,3771177198
gamma/frequency=12/S=120/T=0.25,3357799889
gamma/frequency=12/S=120/T=0.5,3196779440
gamma/frequency=12/S=120/T=1,3739445457
gamma/frequency=52/S=80/T=0.25,4120017209
gamma/frequency=52/S=80/T=0.5,2462484319
gamma/frequency=52/S=80/T=1,2968960239
gamma/frequency=52/S=100/T=0.25,4098681713
gamma/frequency=52/S=100/T=0.5,3201755252
gamma/frequency=52/S=100/T=1,3391921535
gamma/frequency=52/S=120/T=0.25,2469808588
gamma/frequency=52/S=120/T=0.5,2414169401
gamma/frequency=52/S=120/T=1,3893108398
gamma/frequency=126/S=80/T=0.25,3101112889
gamma/frequency=126/S=80/T=0.5,2880255830
gamma/frequency=126/S=80/T=1,173031772
gamma/frequency=126/S=100/T=0.25,877017414
gamma/frequency=126/S=100/T=0.5,2045240989
gamma/frequency=126/S=100/T=1,3282584458
gamma/frequency=126/S=120/T=0.25,2944174334
gamma/frequency=126/S=120/T=0.5,3172738440
gamma/frequency=126/S=120/T=1,3992238799
gamma/frequency=252/S=80/T=0.25,2068719947
gamma/frequency=252/S=80/T=0.5,796511212
gamma/frequency=252/S=80/T=1,2974175936
gamma/frequency=252/S=100/T=0.25,688986030
gamma/frequency=252/S=100/T=0.5,3332738301
gamma/frequency=252/S=100/T=1,3971038922
gamma/frequency=252/S=120/T=0.25,381572947
gamma/frequency=252/S=120/T=0.5,1124657779
gamma/frequency=252/S=120/T=1,247705085
