S0,Volatility,T,Call_value,Delta,Gamma,Vega,Theta
80.0,0.1,0.1,6.569429684156855e-13,1.8824218732350416e-12,5.271361986278613e-12,3.3736716712183126e-10,-1.7318168776762724e-10
80.0,0.1,0.25,7.602373847322131e-06,9.019688954845925e-06,1.0148832706778053e-05,0.0016238132330844886,-0.0003461818288931083
80.0,0.1,1.0,0.08963986086417997,0.02995634988928788,0.008494980070053391,5.4367872448341705,-0.341045406150074
80.0,0.1,2.0,0.7555711775341702,0.13942897260291598,0.01961859676798525,25.111803863021123,-0.9397574954965013
80.0,0.2,0.1,0.00035635619224427123,0.0002811746169644263,0.00020580924126957343,0.026343582882505403,-0.0270077112774527
80.0,0.2,0.25,0.049204728727676006,0.017583269597539964,0.005424034539851406,1.7356910527524498,-0.7350001262732457
80.0,0.2,1.0,1.5616794467491655,0.19332248002798502,0.017141362570121832,21.940944089755945,-2.6112179776402837
80.0,0.2,2.0,4.2766284455499175,0.3316439653218646,0.016036659887571976,41.05384931218427,-2.7203391290151906
80.0,0.5,0.1,0.5254592344746891,0.09454883365498479,0.013315289349373276,4.260892591799449,-10.863384903236346
80.0,0.5,0.25,2.383675049851906,0.23038661752376477,0.015196674455508995,12.157339564407195,-12.638757194968676
80.0,0.5,1.0,10.209505146693573,0.4457971596809015,0.009881360497858576,31.620353593147442,-8.668716427120216
80.0,0.5,2.0,17.586406358321973,0.5488805538296304,0.006999366596208442,44.795946215734034,-6.389214415408207
100.0,0.1,0.1,1.4150630720495982,0.5440648351212303,0.12538627836442084,12.538627836442087,-7.859056531423247
100.0,0.1,0.25,2.382957225731552,0.5694601832076737,0.07857600188947586,19.644000472368965,-5.565691927324868
100.0,0.1,1.0,5.58187715093873,0.6368306511756191,0.03752403469169379,37.52403469169379,-3.6192373735833847
100.0,0.1,2.0,8.869156301212648,0.6896910267811551,0.02495709280361524,49.91418560723049,-3.0508530314878484
100.0,0.2,0.1,2.671541212374194,0.5315063340142597,0.06288150100121422,12.576300200242844,-14.0906729659144
100.0,0.2,0.25,4.3576193334575635,0.5497382248301129,0.03958376869447495,19.791884347237477,-9.435239833381603
100.0,0.2,1.0,9.413403383853016,0.5987063256829237,0.01933340584014246,38.66681168028493,-5.380398043561674
100.0,0.2,2.0,14.073636360337964,0.6381631950841185,0.013250176617201428,53.00070646880572,-4.142315817882503
100.0,0.5,0.1,6.442734427960318,0.5390460054145663,0.025110379507293508,12.555189753646754,-32.81183036752178
100.0,0.5,0.25,10.288514274472128,0.5615893413472468,0.01576714620261218,19.708932753265227,-21.085045349072804
100.0,0.5,1.0,20.961539565941806,0.6217195218220193,0.007604527095026499,38.022635475132496,-10.741971247270929
100.0,0.5,2.0,29.83234569795112,0.6694540751553951,0.005124946828630804,51.249468286308044,-7.519575390316156
120.0,0.1,0.1,20.299550450955607,0.9999999979009631,3.33972248691397e-09,4.809200381156118e-07,-2.991013719374818
120.0,0.1,0.25,20.747288807835787,0.9999336602674129,4.484197274307592e-05,0.016143110187507335,-2.9805711347651145
120.0,0.1,1.0,23.020833529048986,0.9851179516902424,0.0031345234207272588,4.513713725847253,-3.0814853065057655
120.0,0.1,2.0,26.08908759403326,0.9628030199996539,0.004785939293086818,13.783505164090041,-3.0280058732800073
120.0,0.2,0.1,20.302924739886578,0.9984708369924049,0.0006543484684585453,0.18845235891606107,-3.1738596298921213
120.0,0.2,0.25,20.86827862916151,0.9743054125987202,0.004983528361094913,3.588140419988338,-4.316707294475882
120.0,0.2,1.0,24.54721098367662,0.8773025906013396,0.008466325536159855,24.383017544140383,-4.860174751068563
120.0,0.2,2.0,29.07070717401359,0.8408984888743196,0.007142266701802646,41.13945620238326,-4.212086154846306
120.0,0.5,0.1,21.324567176588204,0.8945570904483251,0.009612817492400595,6.921228594528429,-19.8837399966374
120.0,0.5,0.25,24.252920832055608,0.8117291393985449,0.008994725035385615,16.190505063694108,-18.3851423405672
120.0,0.5,1.0,34.75644618461438,0.750048732772287,0.005295728319864225,38.12924390302242,-11.189793028197407
120.0,0.5,2.0,44.14332830464181,0.7568631783924877,0.003689600099245685,53.13024142913787,-8.041687771715933
