Frequency,Steps,Cost_bps,Cost,Mean_error,Std,RMSE,Q05,Median,Q95,Mean_gamma_exposure,Mean_cost,Paths,Seed
Monthly,12,0,0 bps,-0.002413024005291683,1.917931990793716,1.9177417061143909,-3.0310056098694313,0.027177954230864776,3.0928509356379847,3.9103497280774318,0.0,5000,1213294253
Monthly,12,5,5 bps,-0.054456800945530924,1.923028504248823,1.9236071749702577,-3.109096276169788,-0.021261469030257274,3.038321775863699,3.9103497280774318,0.0512795400931542,5000,1213294253
Monthly,12,10,10 bps,-0.10650057788576973,1.9282694809869685,1.931015774083033,-3.170566762523018,-0.07188671754821889,2.9851049082794128,3.9103497280774318,0.1025590801863084,5000,1213294253
Monthly,12,25,25 bps,-0.26263190870648734,1.9448473509803321,1.9623073795515076,-3.398149107582491,-0.21669967980086113,2.830533558193029,3.9103497280774318,0.25639770046577104,5000,1213294253
Weekly,52,0,0 bps,0.01837698863313694,0.9625197729688836,0.9625989498252231,-1.5721826282224924,0.013599007833761334,1.5787689200574258,3.9309155563287246,0.0,5000,196947768
Weekly,52,5,5 bps,-0.0952121166819779,0.9671079386548455,0.9716872195409822,-1.7179803679123258,-0.07957288183931074,1.450519281763035,3.9309155563287246,0.11190797834731066,5000,196947768
Weekly,52,10,10 bps,-0.20880122199709175,0.9734175370359953,0.9954647876125103,-1.8765688390754625,-0.17699861365183134,1.3225732819254428,3.9309155563287246,0.22381595669462132,5000,196947768
Weekly,52,25,25 bps,-0.5495685379424357,1.0023055517606805,1.1429965326730656,-2.3249525543007397,-0.46948756362755595,0.929791540287384,3.9309155563287246,0.5595398917365533,5000,196947768
Approx. twice-weekly,126,0,0 bps,-0.01618310269493717,0.6176235122844287,0.6177737482111095,-1.0370747039304433,-0.0041783370615526335,0.9834500993420259,3.913606441886049,0.0,5000,2725299334
Approx. twice-weekly,126,5,5 bps,-0.19379885167418157,0.6290700353478925,0.6581853526636366,-1.278463214961572,-0.15746553371743544,0.7706674220061318,3.913606441886049,0.17498310415333232,5000,2725299334
Approx. twice-weekly,126,10,10 bps,-0.3714146006534262,0.6471527932794048,0.7461044042761779,-1.5324587891988348,-0.3067363018517669,0.5714468785221233,3.913606441886049,0.34996620830666464,5000,2725299334
Approx. twice-weekly,126,25,25 bps,-0.9042618475911555,0.7354478604658174,1.1655320106121605,-2.276833701181196,-0.7883290926074206,0.07533448905375195,3.913606441886049,0.8749155207666616,5000,2725299334
Daily,252,0,0 bps,0.0021223043094940395,0.4317686478026486,0.43173068522849367,-0.7060979008740147,0.007695963497462774,0.6857750758259658,3.9308038986753053,0.0,5000,4159572514
Daily,252,5,5 bps,-0.25035476290005265,0.4455440148625076,0.5110257083481301,-1.0255919922005534,-0.21174162963640697,0.3987975276801885,3.9308038986753053,0.24872108822059544,5000,4159572514
Daily,252,10,10 bps,-0.5028318301096042,0.47746423445771036,0.6933731680261531,-1.3580018756084156,-0.4415510706350929,0.15137393978395636,3.9308038986753053,0.4974421764411909,5000,4159572514
Daily,252,25,25 bps,-1.2602630317382488,0.6485552447693338,1.417322366260686,-2.429963166634706,-1.1775506760839716,-0.3766635187161738,3.9308038986753053,1.243605441102977,5000,4159572514
